-- Insert data

INSERT INTO Title (T_id, T_name, T_type, T_status, T_country, T_time, T_poster, T_release, T_cert, T_story, Y_links) VALUES
	('tt0458339', 'Captain America: The First Avenger', 'movie', 'finish', 'U.S.', '2h4m', 'https://m.media-amazon.com/images/M/MV5BMTYzOTc2NzU3N15BMl5BanBnXkFtZTcwNjY3MDE3NQ@@._V1_SX300.jpg', '2011', 'PG-13', 'Steve Rogers, a rejected military soldier, transforms into Captain America after taking a dose of a "Super-Soldier serum". But being Captain America comes at a price as he attempts to take down a warmonger and a terrorist organization', 'https://www.youtube.com/watch?v=JerVrbLldXw'),
    ('tt0473445', 'Avenger', 'movie', 'finish', 'U.S.', '1h32m', 'https://m.media-amazon.com/images/M/MV5BMTMzMjMwMjcyNl5BMl5BanBnXkFtZTcwNTA1NDgzMQ@@._V1_SX300.jpg', '2006', NULL, 'After his own daughter was killed in Panama in 1994, former C.I.A. Agent Calvin Dexter became a private "specialist" in cases which wouldn\'t reach justice trough the regular legal channels. Two years later, he accepts to find Richard "Rickie" Edmonds for his pa, influential rich businessman Stephen Edmonds. Rickie left for a private Canadian war victims charity in Bosnia and went missing. Dexter discovers Rickie was beaten to a pulp and drowned for no other crime then helping street boys from the other side by Zoran Zilic and his Serbian paramilitary "order". He offers Stephen to "finish the job", as such war criminals don\'t go to trial. But Deputy C.I.A. Director Paul Devereaux cares only for a nuclear arms project, for which he wants to use Zilic. So C.I.A. troubleshooter Frank McBride is ordered to protect him and handle Dexter. ', NULL),
	('tt0059045', 'Knives of the Avenger', 'movie', 'finish', 'U.S.', '1h25m', 'https://m.media-amazon.com/images/M/MV5BNzcxYjhjMDAtZmY4Yi00NmJlLTg4NDItNDBmYzljYzA3MmJmXkEyXkFqcGdeQXVyNjc1NTYyMjg@._V1_SX300.jpg', '1966', NULL, 'A mysterious, knife-throwing Viking warrior protects a young peasant woman and her son from the clutches of a evil regent bent on claiming the title of King and the woman for himself.', 'https://www.youtube.com/watch?v=YUeCG-TGQMM'),
	('tt3445408', 'Star Trek: Enterprise - In a Time of War', 'movie', 'finish', 'U.S.', '1h30m', 'https://m.media-amazon.com/images/M/MV5BMTk4NDA4MzUwM15BMl5BanBnXkFtZTgwMTg3NjY5MDE@._V1_SX300.jpg', '2014', NULL, 'Newly produced multi-part documentary featuring all-new interviews with the show\'s cast and crew as well as behind the scenes archival content. This retrospective documentary gives fans an inside look at the making of the show\'s groundbreaking third season - the first season of a Star Trek series to feature a year-long story arc. Writing staff and production personnel discuss the complexities of plotting the Xindi story-arc and the development of all the major story threads that connected every single episode of the show\'s third season.', 'https://www.youtube.com/watch?v=gAZ8coIvmdQ'),
	('tt4254746', 'Lone Star Holy War', 'movie', 'finish', 'U.S.', '1h12m', 'https://m.media-amazon.com/images/M/MV5BMzI1MDczMjc4N15BMl5BanBnXkFtZTgwNjk1NjU3NTE@._V1_SX300.jpg', '2014', NULL, 'Lone Star Holy War is a sports documentary highlighting pivotal moments of the century old rivalry between Texas and Texas A&M. The last time both teams met was on November 24, 2011. This ended the 118 year old rivalry and Thanksgiving tradition for generations of Texans across the state. Lone Stary Holy War includes commentary from past coaches, players, sports analysts and fans, plus gripping game footage.', 'https://www.youtube.com/watch?v=LwwRV8s0erI'),
	('tt10872600', 'Spider-Man: No Way Home', 'movie', 'finish', 'U.S.', '2h28m', 'https://m.media-amazon.com/images/M/MV5BZWMyYzFjYTYtNTRjYi00OGExLWE2YzgtOGRmYjAxZTU3NzBiXkEyXkFqcGdeQXVyMzQ0MzA0NTM@._V1_SX300.jpg', '2021', 'PG-13', 'Peter Parker\'s secret identity is revealed to the entire world. Desperate for help, Peter turns to Doctor Strange to make the world forget that he is Spider-Man. The spell goes horribly wrong and shatters the multiverse, bringing in monstrous villains that could destroy the world.', 'https://www.youtube.com/watch?v=JfVOs4VSpmA'),
	('tt0099785', 'Home Alone', 'movie', 'finish', 'U.S.', '1h43m', 'https://m.media-amazon.com/images/M/MV5BMzFkM2YwOTQtYzk2Mi00N2VlLWE3NTItN2YwNDg1YmY0ZDNmXkEyXkFqcGdeQXVyMTMxODk2OTU@._V1_SX300.jpg', '1990', 'PG', 'It is Christmas time and the McCallister family is preparing for a vacation in Paris, France. But the youngest in the family, Kevin (Macaulay Culkin), got into a scuffle with his older brother Buzz (Devin Ratray) and was sent to his room, which is on the third floor of his house. Then, the next morning, while the rest of the family was in a rush to make it to the airport on time, they completely forgot about Kevin, who now has the house all to himself. Being home alone was fun for Kevin, having a pizza all to himself, jumping on his parents\' bed, and making a mess. Then, Kevin discovers about two burglars, Harry (Joe Pesci) and Marv (Daniel Stern), about to rob his house on Christmas Eve. Kevin acts quickly by wiring his own house with makeshift booby traps to stop the burglars and to bring them to justice. ', 'https://www.youtube.com/watch?v=jEDaVHmw7r4'),
	('tt6320628', 'Spider-Man: Far from Home', 'movie', 'finish', 'U.S.', '2h9m', 'https://m.media-amazon.com/images/M/MV5BMGZlNTY1ZWUtYTMzNC00ZjUyLWE0MjQtMTMxN2E3ODYxMWVmXkEyXkFqcGdeQXVyMDM2NDM2MQ@@._V1_SX300.jpg', '2019', 'PG-13', 'Our friendly neighborhood Super Hero decides to join his best friends Ned, MJ, and the rest of the gang on a European vacation. However, Peter\'s plan to leave super heroics behind for a few weeks are quickly scrapped when he begrudgingly agrees to help Nick Fury uncover the mystery of several elemental creature attacks, creating havoc across the continent', 'https://www.youtube.com/watch?v=Nt9L1jCKGnE'),
	('tt0104431', 'Home Alone 2: Lost in New York', 'movie', 'finish', 'U.S.', '2h', 'https://m.media-amazon.com/images/M/MV5BNDI1MzM0Y2YtYmIyMS00ODE3LTlhZjEtZTUyNmEzMTNhZWU5XkEyXkFqcGdeQXVyMTQxNzMzNDI@._V1_SX300.jpg', '1992', 'PG', 'Kevin McCallister (Macaulay Culkin) is back. But this time he\'s in New York City with enough cash and credit cards to turn the Big Apple into his own playground. But Kevin won\'t be alone for long. The notorious Wet Bandits, Harry (Joe Pesci) and Marv (Daniel Stern), still smarting from their last encounter with Kevin, are bound for New York City too, plotting a huge holiday heist. Kevin\'s ready to welcome them with more battery of booby traps the bumbling bandits will never forget', 'https://www.youtube.com/watch?v=5h9VDUNtoto'),
	('tt0081505', 'The Shining', 'movie', 'finish', 'U.S.', '2h26m', 'https://m.media-amazon.com/images/M/MV5BZWFlYmY2MGEtZjVkYS00YzU4LTg0YjQtYzY1ZGE3NTA5NGQxXkEyXkFqcGdeQXVyMTQxNzMzNDI@._V1_SX300.jpg', '1980', 'R', 'Haunted by a persistent writer\'s block, the aspiring author and recovering alcoholic, Jack Torrance, drags his wife, Wendy, and his gifted son, Danny, up snow-capped Colorado\'s secluded Overlook Hotel after taking up a job as an off-season caretaker. As the cavernous hotel shuts down for the season, the manager gives Jack a grand tour, and the facility\'s chef, the ageing Mr Hallorann, has a fascinating chat with Danny about a rare psychic gift called "The Shining", making sure to warn him about the hotel\'s abandoned rooms, and, in particular, the off-limits Room 237. However, instead of overcoming the dismal creative rut, little by little, Jack starts losing his mind, trapped in an unforgiving environment of seemingly endless snowstorms, and a gargantuan silent prison riddled with strange occurrences and eerie visions. Now, the incessant voices inside Jack\'s head demand sacrifice. Is Jack capable of murder?', 'https://www.youtube.com/watch?v=S014oGZiSdI'),
	('tt0412142', 'House M.D.', 'series', 'finish', 'U.S.', '176 Episodes - 44m per episode', 'https://m.media-amazon.com/images/M/MV5BMDA4NjQzN2ItZDhhNC00ZjVlLWFjNTgtMTEyNDQyOGNjMDE1XkEyXkFqcGdeQXVyNTA4NzY1MzY@._V1_SX300.jpg', '2004-2012', 'TV-14', 'The series follows the life of anti-social, pain killer addict, witty and arrogant medical doctor Gregory House (Hugh Laurie) with only half a muscle in his right leg. He and his team of medical doctors try to cure complex and rare diseases from very ill ordinary people in the United States of America', 'https://www.youtube.com/watch?v=MczMB8nU1sY'),
	('tt0108778', 'Friends', 'series', 'finish', 'U.S.', '235 Episodes - 22m per episode', 'https://m.media-amazon.com/images/M/MV5BNDVkYjU0MzctMWRmZi00NTkxLTgwZWEtOWVhYjZlYjllYmU4XkEyXkFqcGdeQXVyNTA4NzY1MzY@._V1_SX300.jpg', '1994-2004', 'TV-14', 'Ross Geller, Rachel Green, Monica Geller, Joey Tribbiani, Chandler Bing, and Phoebe Buffay are six twenty-somethings living in New York City. Over the course of 10 years and seasons, these friends go through life lessons, family, love, drama, friendship, and comedy.', 'https://www.youtube.com/watch?v=IEEbUzffzrk'),
	('tt1520211', 'The Walking Dead', 'series', 'finish', 'U.S.', '177 Episodes - 44m per episode', 'https://m.media-amazon.com/images/M/MV5BZmU5NTcwNjktODIwMi00ZmZkLTk4ZWUtYzVjZWQ5ZTZjN2RlXkEyXkFqcGdeQXVyMTkxNjUyNQ@@._V1_SX300.jpg', '2010-2022', 'TV-MA', 'Sheriff Deputy Rick Grimes gets shot and falls into a coma. When awoken he finds himself in a Zombie Apocalypse. Not knowing what to do he sets out to find his family, after he\'s done that, he gets connected to a group to become the leader. He takes charge and tries to help this group of people survive, find a place to live and get them food. This show is all about survival, the risks and the things you\'ll have to do to survive.', 'https://www.youtube.com/watch?v=sfAc2U20uyg'),
	('tt3743822', 'Fear the Walking Dead', 'series', 'on going', 'U.S.', '103 Episodes - 44m per episode', 'https://m.media-amazon.com/images/M/MV5BM2ZlOWVlZjAtODE4OC00NmRmLWFmNzgtNTAxYWQ5Y2M1MzA2XkEyXkFqcGdeQXVyMTkxNjUyNQ@@._V1_SX300.jpg', '2015-', 'TV-MA', 'A Walking Dead spinoff set in Los Angeles, California. Follows two families who must band together to survive the undead apocalypse.', 'https://www.youtube.com/watch?v=w-omQBtshvk'),
	('tt0417299', 'Avatar: The Last Airbender', 'series', 'finish', 'U.S.', '62 Episodes - 23m per episode', 'https://m.media-amazon.com/images/M/MV5BODc5YTBhMTItMjhkNi00ZTIxLWI0YjAtNTZmOTY0YjRlZGQ0XkEyXkFqcGdeQXVyODUwNjEzMzg@._V1_SX300.jpg', '2005-2008', 'TV-Y7-FV', 'In a war-torn world of elemental magic, a young boy reawakens to undertake a dangerous mystic quest to fulfill his destiny as the Avatar, and bring peace to the world.', 'https://www.youtube.com/watch?v=7GebQL6RdOs'),
	('tt1900832', 'Avatar Spirits', 'movie', 'finish', 'U.S.', '32m', 'https://m.media-amazon.com/images/M/MV5BMzQ4MDMxNjExNl5BMl5BanBnXkFtZTgwOTYzODI5NTE@._V1_SX300.jpg', '2010', NULL, 'A documentary about the making of the TV show "Avatar: The Last Airbender". Creators Bryan Konietzko and Michael Dante DiMartino discuss how they came up with the idea for the show and the process behind making an episode.', NULL),
	('tt5180504', 'The Witcher', 'series', 'on going', 'U.S.', '18 Episodes - 60m per episode', 'https://m.media-amazon.com/images/M/MV5BN2FiOWU4YzYtMzZiOS00MzcyLTlkOGEtOTgwZmEwMzAxMzA3XkEyXkFqcGdeQXVyMTkxNjUyNQ@@._V1_SX300.jpg', '2019-', 'TV-MA', 'Geralt of Rivia, a solitary monster hunter, struggles to find his place in a world where people often prove more wicked than beasts.', 'https://www.youtube.com/watch?v=ndl1W4ltcmg'),
	('tt11657662', 'The Witcher: Nightmare of the Wolf', 'movie', 'finish', 'U.S.', '1h23m', 'https://m.media-amazon.com/images/M/MV5BY2ViMDQ3NDgtNjFkNy00ZTUzLThmMDYtYTMzY2IyZmYwNWJmXkEyXkFqcGdeQXVyMTEzMTI1Mjk3._V1_SX300.jpg', '2021', 'TV-MA', 'Escaping from poverty to become a witcher, Vesemir slays monsters for coin and glory, but when a new menace rises, he must face the demons of his past.', 'https://www.youtube.com/watch?v=PnE5BWv87fs'),
	('tt6443346', 'Black Adam', 'movie', 'finish', 'U.S.', '2h5m', 'https://m.media-amazon.com/images/M/MV5BYzZkOGUwMzMtMTgyNS00YjFlLTg5NzYtZTE3Y2E5YTA5NWIyXkEyXkFqcGdeQXVyMjkwOTAyMDU@._V1_SX300.jpg', '2022', 'PG-13', 'Reawakening after 5000 years, Black Adam becomes the world\'s ruthless protector: an anti-villain to take on the likes of Superman and Wonder Woman. Now in the 21st-Century, Black Adam must face off against the Justice Society of America and its heroes: Doctor Fate, Hawkman, Atom Smasher and Cyclone. The fate of the world hangs in the balance.', 'https://www.youtube.com/watch?v=mkomfZHG5q4'),
	('tt0770828', 'Man of Steel', 'movie', 'finish', 'U.S.', '2h23m', 'https://m.media-amazon.com/images/M/MV5BMTk5ODk1NDkxMF5BMl5BanBnXkFtZTcwNTA5OTY0OQ@@._V1_SX300.jpg', '2013', 'PG-13', 'An alien child is evacuated from his dying world and sent to Earth to live among humans. His peace is threatened when other survivors of his home planet invade Earth.', 'https://www.youtube.com/watch?v=T6DJcgm3wNY');
INSERT INTO Genre (G_name) VALUES
	('Action'),
	('Adventure'),
	('Sci-Fi'),
	('Thriller'),
	('Documentary'),
	('Sport'),
	('Fantasy'),
	('Comedy'),
	('Family'),
	('Crime'),
	('Drama'),
	('Horror'),
	('Mystery'),
	('Romance'),
	('Animation'),
	('Short');
    
INSERT INTO Genre_of (T_id, G_name) VALUES
	('tt0458339', 'Action'),
	('tt0458339', 'Adventure'),
	('tt0458339', 'Sci-Fi'),
	('tt0473445', 'Thriller'),
	('tt0059045', 'Adventure'),
	('tt3445408', 'Documentary'),
	('tt4254746', 'Documentary'),
	('tt4254746', 'Sport'),
	('tt10872600', 'Action'),
	('tt10872600', 'Adventure'),
	('tt10872600', 'Fantasy'),
	('tt10872600', 'Sci-Fi'),
	('tt0099785', 'Comedy'),
	('tt0099785', 'Family'),
	('tt6320628', 'Action'),
	('tt6320628', ' Adventure'),
	('tt6320628', 'Sci-Fi'),
	('tt0104431', 'Adventure'),
	('tt0104431', 'Comedy'),
	('tt0104431', 'Crime'),
	('tt0104431', 'Family'),
	('tt0081505', 'Drama'),
	('tt0081505', 'Horror'),
	('tt0412142', 'Drama'),
	('tt0412142', 'Mystery'),
	('tt0108778', 'Comedy'),
	('tt0108778', 'Romance'),
	('tt1520211', 'Drama'),
	('tt1520211', 'Horror'),
	('tt1520211', 'Thriller'),
	('tt3743822', 'Drama'),
	('tt3743822', 'Horror'),
	('tt3743822', 'Sci-Fi'),
	('tt0417299', 'Amination'),
	('tt0417299', 'Action'),
	('tt0417299', 'Adventure'),
	('tt1900832', 'Documentary'),
	('tt1900832', 'Short'),
	('tt5180504', 'Action'),
	('tt5180504', 'Adventure'),
	('tt5180504', 'Drama'),
	('tt11657662', 'Animation'),
	('tt11657662', 'Action'),
	('tt11657662', 'Adventure'),
	('tt6443346', 'Action'),
	('tt6443346', 'Adventure'),
	('tt6443346', 'Fantasy'),
	('tt0770828', 'Action'),
	('tt0770828', 'Adventure'),
	('tt0770828', 'Sci-Fi');
INSERT INTO Streaming_on (T_id, S_id) VALUES
	('tt0458339', '1'),
	('tt0458339', '2'),
	('tt0458339', '8'),
	('tt0458339', '3'),
	('tt0458339', '7'),
	('tt0473445', '7'),
	('tt0473445', '8'),
	('tt0473445', '2'),
	('tt0473445', '3'),
	('tt0059045', '5'),
	('tt3445408', '6'),
	('tt3445408', '4'),
	('tt3445408', '7'),
	('tt3445408', '3'),
	('tt3445408', '8'),
	('tt4254746', '6'),
	('tt4254746', '7'),
	('tt4254746', '8'),
	('tt4254746', '3'),
	('tt10872600', '8'),
	('tt10872600', '7'),
	('tt10872600', '2'),
	('tt10872600', '9'),
	('tt10872600', '3'),
	('tt10872600', '10'),
	('tt10872600', '11'),
	('tt10872600', '12'),
	('tt0099785', '1'),
	('tt0099785', '8'),
	('tt0099785', '7'),
	('tt0099785', '2'),
	('tt0099785', '9'),
	('tt0099785', '3'),
	('tt0099785', '10'),
	('tt0099785', '11'),
	('tt0099785', '12'),
	('tt6320628', '8'),
	('tt6320628', '7'),
	('tt6320628', '2'),
	('tt6320628', '9'),
	('tt6320628', '3'),
	('tt6320628', '10'),
	('tt6320628', '11'),
	('tt6320628', '12'),
	('tt0104431', '1'),
	('tt0104431', '8'),
	('tt0104431', '7'),
	('tt0104431', '2'),
	('tt0104431', '9'),
	('tt0104431', '3'),
	('tt0104431', '10'),
	('tt0104431', '11'),
	('tt0104431', '12'),
	('tt0081505', '13'),
	('tt0081505', '8'),
	('tt0081505', '7'),
	('tt0081505', '2'),
	('tt0081505', '9'),
	('tt0081505', '3'),
	('tt0081505', '10'),
	('tt0081505', '11'),
	('tt0081505', '12'),
	('tt0412142', '7'),
	('tt0412142', '14'),
	('tt0412142', '6'),
	('tt0412142', '8'),
	('tt0412142', '3'),
	('tt0412142', '2'),
	('tt0412142', '10'),
	('tt0108778', '13'),
	('tt0108778', '15'),
	('tt0108778', '8'),
	('tt0108778', '7'),
	('tt0108778', '2'),
	('tt0108778', '3'),
	('tt0108778', '10'),
	('tt1520211', '16'),
	('tt1520211', '17'),
	('tt1520211', '12'),
	('tt1520211', '18'),
	('tt1520211', '19'),
	('tt1520211', '3'),
	('tt1520211', '8'),
	('tt1520211', '10'),
	('tt1520211', '7'),
	('tt1520211', '2'),
	('tt3743822', '20'),
	('tt3743822', '8'),
	('tt3743822', '3'),
	('tt3743822', '7'),
	('tt3743822', '10'),
	('tt3743822', '2'),
	('tt3743822', '11'),
	('tt3743822', '12'),
	('tt3743822', '19'),
	('tt0417299', '4'),
	('tt0417299', '8'),
	('tt0417299', '16'),
	('tt0417299', '7'),
	('tt0417299', '3'),
	('tt1900832', '9'),
	('tt5180504', '16'),
	('tt11657662', '16'),
	('tt6443346', '8'),
	('tt6443346', '7'),
	('tt6443346', '2'),
	('tt6443346', '9'),
	('tt6443346', '3'),
	('tt6443346', '10'),
	('tt6443346', '11'),
	('tt6443346', '12'),
	('tt0770828', '13'),
	('tt0770829', '8'),
	('tt0770830', '7'),
	('tt0770831', '2'),
	('tt0770832', '9'),
	('tt0770833', '3'),
	('tt0770834', '10'),
	('tt0770835', '11'),
	('tt0770836', '12');
    
INSERT INTO Streaming_service (S_id, S_name, S_price, S_url) VALUES
	('1', 'Disney+', '7.99', 'https://www.disneyplus.com'),
	('2', 'Google Play', '9.99', 'https://tv.google'),
	('3', 'Vudu', '0', 'https://www.vudu.com'),
	('4', 'Paramount+', '9.99', 'https://www.paramountplus.com'),
	('5', 'Tubi', '0', 'https://tubitv.com/home'),
	('6', 'Roku', '29.99', 'https://www.roku.com'),
	('7', 'Prime Video', '12.99', 'https://www.amazon.com/Amazon-Video/b?node=2676882011'),
	('8', 'Apple TV', '4.99', 'https://tv.apple.com'),
	('9', 'Youtube TV', '64.99', 'https://tv.Youtube TV.com/'),
	('10', 'Microsoft', '5', 'https://www.microsoft.com/en-us/movies-and-tv'),
	('11', 'Redbox', '8', 'https://www.redbox.com/'),
	('12', 'DIRECTV', '64.99', 'https://www.directv.com/offers/directv-stream-directv-satellite/'),
	('13', 'HBO Max', '14.99', 'https://www.hbomax.com/'),
	('14', 'Peacock', '4.99', 'https://www.peacocktv.com/'),
	('15', 'TBS', '69.99', 'https://www.tbs.com/watchtbs'),
	('16', 'Netflix', '9.99', 'https://www.netflix.com/'),
	('17', 'Pluto TV', '0', 'https://pluto.tv'),
	('18', 'FuboTV', '64.9', 'https://www.fubo.tv'),
	('19', 'AMC+', '8.99', 'https://www.amcplus.com'),
	('20', 'Hulu', '6.99', 'https://www.hulu.com');
    
INSERT INTO Acted_by (T_id, A_id, A_role) VALUES
	('tt0458339', '1', 'Captain America'),
	('tt0458339', '2', 'Johann Schmidt'),
	('tt0458339', '3', 'Nick Fury'),
	('tt0458339', '4', 'Peggy Carter'),
	('tt0458339', '5', 'James Buchanan \'Bucky\' Barnes'),
	('tt0458339', '6', 'Colonel Chester Phillips'),
	('tt0458339', '7', 'Howard Stark'),
	('tt0458339', '8', 'Heinz Kruger'),
	('tt0458339', '9', 'Dr. Abraham Erskine'),
	('tt0458339', '10', 'Dr. Arnim Zola'),
	('tt0473445', '11', 'Calvin Dexter'),
	('tt0473445', '12', 'Frank McBride'),
	('tt0473445', '13', 'Paul Devereaux'),
	('tt0473445', '14', 'Stephen Edmonds'),
	('tt0473445', '15', 'Zoran Zilic'),
	('tt0473445', '16', 'Van Rensburg'),
	('tt0473445', '17', 'Curtis'),
	('tt0473445', '18', 'Madame Houng'),
	('tt0473445', '19', 'Fleming'),
	('tt0473445', '20', 'Washington Lee'),
	('tt0059045', '21', 'Ator'),
	('tt0059045', '22', 'Hagen as Frank Ross'),
	('tt0059045', '23', 'King Arald as Jack Rossi Stuart'),
	('tt0059045', '24', 'Moki as Louis Polletin'),
	('tt0059045', '25', 'Viking King as Michael Moore'),
	('tt0059045', '26', 'Hagen\'s Henchman as Rodney'),
	('tt0059045', '27', 'Hagen\'s Henchman as Sidney'),
	('tt0059045', '28', 'Karin as Lisa Wagner'),
	('tt0059045', '29', 'Hut Intruder'),
	('tt0059045', '30', 'Hagen\'s Henchman'),
	('tt0059045', '31', 'Hagen\'s Henchman'),
	('tt3445408', '32', 'self'),
	('tt3445408', '33', 'self'),
	('tt3445408', '34', 'self'),
	('tt3445408', '35', 'self'),
	('tt3445408', '36', 'self'),
	('tt3445408', '37', 'self'),
	('tt3445408', '38', 'self'),
	('tt3445408', '39', 'self'),
	('tt3445408', '40', 'self'),
	('tt3445408', '41', 'self'),
	('tt4254746', '42', 'Charles B. Moran'),
	('tt4254746', '43', 'Bo McMillin'),
	('tt4254746', '44', 'Ed Lawrence'),
	('tt10872600', '45', 'Peter Holland'),
	('tt10872600', '46', 'MJ'),
	('tt10872600', '47', 'Doctor Strange'),
	('tt10872600', '48', 'Ned Leeds'),
	('tt10872600', '49', 'Happy Hogan'),
	('tt10872600', '50', 'Max Dillon'),
	('tt10872600', '51', 'Norman Osborn'),
	('tt10872600', '52', 'Dr. Otto Octavius'),
	('tt10872600', '53', 'Wong'),
	('tt10872600', '54', 'Flash Thompson'),
	('tt10872600', '55', 'May Parker'),
	('tt10872600', '56', 'Peter Parker'),
	('tt10872600', '57', 'Peter Parker'),
	('tt0099785', '58', 'Kevin'),
	('tt0099785', '59', 'Harry'),
	('tt0099785', '60', 'Marv'),
	('tt0099785', '61', 'Peter'),
	('tt0099785', '62', 'Kate'),
	('tt0099785', '63', 'Buzz'),
	('tt0099785', '64', 'Megan'),
	('tt0099785', '65', 'Linnie'),
	('tt0099785', '66', 'Uncle Frank'),
	('tt0099785', '67', 'Aunt Leslie'),
	('tt6320628', '45', 'Peter Parker'),
	('tt6320628', '3', 'Nick Fury'),
	('tt6320628', '68', 'Quentin Beck'),
	('tt6320628', '55', 'May Parker'),
	('tt6320628', '69', 'Happy Hogan'),
	('tt6320628', '46', 'MJ'),
	('tt6320628', '48', 'Ned Leeds'),
	('tt6320628', '54', 'Flash Thompson'),
	('tt6320628', '70', 'Betty Brant'),
	('tt6320628', '71', 'Brad Davis'),
	('tt6320628', '72', 'Mr. Harrington'),
	('tt0104431', '58', 'Kevin'),
	('tt0104431', '59', 'Harry'),
	('tt0104431', '60', 'Marv'),
	('tt0104431', '61', 'Peter'),
	('tt0104431', '62', 'Kate'),
	('tt0104431', '63', 'Buzz'),
	('tt0104431', '64', 'Megan'),
	('tt0104431', '65', 'Linnie'),
	('tt0104431', '66', 'Uncle Frank'),
	('tt0104431', '67', 'Aunt Leslie'),
	('tt0081505', '73', 'Jack Torrance'),
	('tt0081505', '74', 'Wendy Torrance'),
	('tt0081505', '75', 'Danny Torrance'),
	('tt0081505', '76', 'Dick Hallorann'),
	('tt0081505', '77', 'Charles Grady'),
	('tt0081505', '78', 'Lloyd'),
	('tt0081505', '79', 'Doctor'),
	('tt0081505', '80', 'Durkin'),
	('tt0081505', '81', 'Young Woman in Bath'),
	('tt0081505', '82', 'Old Woman in Bath'),
	('tt0412142', '83', 'Dr. Gregory House'),
	('tt0412142', '84', 'Dr. Eric Foreman'),
	('tt0412142', '85', 'Dr.  James Wilson'),
	('tt0412142', '86', 'Dr. Robert Chase'),
	('tt0412142', '87', 'Dr. Lisa Cuddy'),
	('tt0412142', '88', 'Nurse'),
	('tt0412142', '89', 'Dr. Allison Cameron'),
	('tt0412142', '90', 'Dr. Chris Taub'),
	('tt0412142', '91', 'Thirteen'),
	('tt0412142', '92', 'Dr. Lawrence Kutner'),
	('tt0412142', '93', 'Dr. Jessica Adams'),
	('tt0412142', '94', 'Dr. Chi Park'),
	('tt0108778', '95', 'Rachel Green'),
	('tt0108778', '96', 'Monica Geller'),
	('tt0108778', '97', 'Phoebe Buffay'),
	('tt0108778', '98', 'Joey Tribbiani'),
	('tt0108778', '99', 'Chandler Bing'),
	('tt0108778', '100', 'Dr. Ross Geller'),
	('tt0108778', '101', 'Gunther'),
	('tt0108778', '102', 'Jack Geller'),
	('tt0108778', '103', 'Judy Geller'),
	('tt0108778', '104', 'Janice'),
	('tt0108778', '105', 'Mike Hannigan'),
	('tt0108778', '106', 'Carol'),
	('tt1520211', '107', 'Rick Grimes'),
	('tt1520211', '108', 'Daryl Dixon'),
	('tt1520211', '109', 'Carol Peletier'),
	('tt1520211', '110', 'Maggie Rhee'),
	('tt1520211', '111', 'Rosita Espinosa'),
	('tt1520211', '112', 'Eugene Porter'),
	('tt1520211', '113', 'Michonne'),
	('tt1520211', '114', 'Gabriel Stokes'),
	('tt1520211', '115', 'Aaron'),
	('tt1520211', '116', 'Carl Grimes'),
	('tt3743822', '117', 'Madison'),
	('tt3743822', '118', 'Nick Clark'),
	('tt3743822', '119', 'Travis Manawa'),
	('tt3743822', '120', 'Daniel Salazar'),
	('tt3743822', '121', 'Alicia Clark'),
	('tt3743822', '122', 'Victor Strand'),
	('tt3743822', '123', 'Luciana Galvez'),
	('tt3743822', '124', 'Morgan Jones'),
	('tt3743822', '125', 'June Dorie'),
	('tt3743822', '126', 'Charlie'),
	('tt0417299', '127', 'Appa'),
	('tt0417299', '128', 'Aang'),
	('tt0417299', '129', 'Katara'),
	('tt0417299', '130', 'Sokka'),
	('tt0417299', '131', 'Prince Zuko'),
	('tt0417299', '132', 'Toph'),
	('tt0417299', '133', 'Uncle'),
	('tt0417299', '134', 'Azula'),
	('tt0417299', '135', 'Hakoda'),
	('tt1900832', '136', 'self'),
	('tt1900832', '137', 'self'),
	('tt1900832', '138', 'self'),
	('tt1900832', '139', 'self'),
	('tt1900832', '140', 'self'),
	('tt1900832', '141', 'self'),
	('tt1900832', '142', 'self'),
	('tt5180504', '143', 'Geralt of Rivia'),
	('tt5180504', '144', 'Ciri'),
	('tt5180504', '145', 'Yennefer'),
	('tt5180504', '146', 'Fringilla'),
	('tt5180504', '147', 'Cahir'),
	('tt5180504', '148', 'Tissaia'),
	('tt5180504', '149', 'Dara'),
	('tt5180504', '150', 'Triss'),
	('tt5180504', '151', 'Jaskier'),
	('tt5180504', '152', 'Istredd'),
	('tt11657662', '153', 'Vesemir'),
	('tt11657662', '154', 'Lady Zerbst'),
	('tt11657662', '155', 'Tetra'),
	('tt11657662', '156', 'Deglan'),
	('tt11657662', '157', 'Filavandrel'),
	('tt11657662', '158', 'Young Vesemir'),
	('tt11657662', '159', 'Illyana'),
	('tt11657662', '160', 'Kitsu'),
	('tt11657662', '161', 'Luka'),
	('tt11657662', '162', 'Sven'),
	('tt6443346', '163', 'Black Adam'),
	('tt6443346', '164', 'Hawkman'),
	('tt6443346', '165', 'Dr. Fate'),
	('tt6443346', '166', 'Atom Smasher'),
	('tt6443346', '167', 'Adrianna Tomaz'),
	('tt6443346', '168', 'Cyclone'),
	('tt6443346', '169', 'Ishmael'),
	('tt6443346', '170', 'Amon Tomaz'),
	('tt6443346', '171', 'Karim'),
	('tt6443346', '172', 'Samir'),
	('tt0770828', '143', 'Clark Kent'),
	('tt0770828', '173', 'Lois Lane'),
	('tt0770828', '174', 'General Zod'),
	('tt0770828', '175', 'Martha Kent'),
	('tt0770828', '176', 'Jor-El'),
	('tt0770828', '177', 'Faora -UI'),
	('tt0770828', '178', 'General Swanwick'),
	('tt0770828', '179', 'Dr. Emil Hamilton'),
	('tt0770828', '180', 'Colonel Nathan Hardy'),
	('tt0770828', '181', 'Jonathan Kent');

INSERT INTO Directed_by (T_id, D_id) VALUES
	('tt0458339', '182'),
	('tt0473445', '183'),
	('tt0059045', '184'),
	('tt0059045', '185'),
	('tt3445408', '186'),
	('tt4254746', '187'),
	('tt10872600', '188'),
	('tt0099785', '189'),
	('tt6320628', '188'),
	('tt0104431', '189'),
	('tt0081505', '190'),
	('tt0412142', '191'),
	('tt0108778', '192'),
	('tt0108778', '193'),
	('tt1520211', '194'),
	('tt3743822', '195'),
	('tt3743822', '196'),
	('tt0417299', '137'),
	('tt0417299', '136'),
	('tt1900832', '197'),
	('tt5180504', '198'),
	('tt11657662', '199'),
	('tt6443346', '200'),
	('tt0770828', '201');

INSERT INTO Written_by (T_id, W_id) VALUES
	('tt0458339', '202'),
	('tt0458339', '203'),
	('tt0458339', '204'),
	('tt0473445', '205'),
	('tt0473445', '206'),
	('tt0059045', '207'),
	('tt0059045', '208'),
	('tt0059045', '184'),
	('tt3445408', '186'),
	('tt4254746', '187'),
	('tt10872600', '209'),
	('tt10872600', '210'),
	('tt10872600', '211'),
	('tt0099785', '212'),
	('tt6320628', '209'),
	('tt6320628', '210'),
	('tt6320628', '211'),
	('tt0104431', '212'),
	('tt0081505', '213'),
	('tt0081505', '190'),
	('tt0081505', '214'),
	('tt0412142', '191'),
	('tt0108778', '192'),
	('tt0108778', '193'),
	('tt1520211', '194'),
	('tt3743822', '195'),
	('tt3743822', '196'),
	('tt0417299', '137'),
	('tt0417299', '136'),
	('tt1900832', '215'),
	('tt5180504', '198'),
	('tt11657662', '216'),
	('tt11657662', '217'),
	('tt6443346', '218'),
	('tt6443346', '219'),
	('tt6443346', '220'),
	('tt0770828', '221'),
	('tt0770828', '222'),
	('tt0770828', '223');
    
INSERT INTO Person (id, name) VALUES
	('1', 'Chris Evans'),
	('2', 'Hugo Weaving'),
	('3', 'Samuel L. Jackson'),
	('4', 'Haylet Atwell'),
	('5', 'Sebastian Stan'),
	('6', 'Tommy Lee Jon'),
	('7', 'Dominic Cooper'),
	('8', 'Richard Armitage'),
	('9', 'Stancy Tucci'),
	('10', 'Toby Jones'),
	('11', 'Sam Elliott'),
	('12', 'Timothy Hutton'),
	('13', 'James Cromwell'),
	('14', 'William Hope'),
	('15', 'David Hayman'),
	('16', 'Jamie Bartlett'),
	('17', 'Lucy Russell'),
	('18', 'Jacqueline Chan'),
	('19', 'Andre Jacobs'),
	('20', 'Antonio David Lyons'),
	('21', 'Cameron Mitchell'),
	('22', 'Fausto Tozzi'),
	('23', 'Giacomo Rossi Staurt'),
	('24', 'Luciano Pollentin'),
	('25', 'Amedeo Trilli'),
	('26', 'Renato Terra'),
	('27', 'Sergio Cortona'),
	('28', 'Elissa Pichelli'),
	('29', 'Bruno Arie'),
	('30', 'Osiride Pevarello'),
	('31', 'Goffredo Unger'),
	('32', 'Scott Bakula'),
	('33', 'Rick Berman'),
	('34', 'John Billingsley'),
	('35', 'Chris Black'),
	('36', 'Jolene Blalock'),
	('37', 'Andre Bormanis'),
	('38', 'Brannon Braga'),
	('39', 'James L. Conway'),
	('40', 'Dan Curry'),
	('41', 'Dominic Keating'),
	('42', 'Matthew Triana'),
	('43', 'Jack Watkins'),
	('44', 'Grayson Howe'),
	('45', 'Tom Holland'),
	('46', 'Zendaya'),
	('47', 'Benedict Cumbenedict'),
	('48', 'Jacob Batalon'),
	('49', 'Jon Favreau'),
	('50', 'Jamie Fox'),
	('51', 'Willem Dafoe'),
	('52', 'Afred Molina'),
	('53', 'Benedict Wong'),
	('54', 'Tony Revolori'),
	('55', 'Marisa Tomei'),
	('56', 'Andrew Garfield'),
	('57', 'Tobey Maguire'),
	('58', 'Macaulay Culkin'),
	('59', 'Joe Pesci'),
	('60', 'Daniel Stern'),
	('61', 'John Heard'),
	('62', 'Catherine O\'Hara'),
	('63', 'Devin Ratray'),
	('64', 'Hillary Wolf'),
	('65', 'Maureen Elisabeth'),
	('66', 'Gerry Bamman'),
	('67', 'Terrie Snell'),
	('68', 'Jake Gyllenhaal'),
	('69', 'Job Favreau'),
	('70', 'Angourie Rice'),
	('71', 'Remy Hii'),
	('72', 'Martin Star'),
	('73', 'Jack Nicholson'),
	('74', 'Shelly Duvall'),
	('75', 'Danny Lloyd'),
	('76', 'Scatman Crothers'),
	('77', 'Phillip Stone'),
	('78', 'Joe Turkel'),
	('79', 'Anne Jackson'),
	('80', 'Toney Burton'),
	('81', 'Lia Beldam'),
	('82', 'Billie Gibson'),
	('83', 'Hugh Laurie'),
	('84', 'Omar Epps'),
	('85', 'Robert Sean Leonard'),
	('86', 'Jesse Spencer'),
	('87', 'Lisa Edelstein'),
	('88', 'Bobbin Bergstrom'),
	('89', 'Jennifer Morrison'),
	('90', 'Peter Jacobson'),
	('91', 'Olivia Wilde'),
	('92', 'Kal Penn'),
	('93', 'Odette Annable'),
	('94', 'Charlyne Yi'),
	('95', 'Jennifer Aniston'),
	('96', 'Courteney Cox'),
	('97', 'Lisa Kudrow'),
	('98', 'Matt LeBlanc'),
	('99', 'Matthew Perry'),
	('100', 'David Schwimmer'),
	('101', 'James Michael Tyler'),
	('102', 'Elliot Gould'),
	('103', 'Christina Pickles'),
	('104', 'Maggie Wheeler'),
	('105', 'Paul Rudd'),
	('106', 'Jane Sibbett'),
	('107', 'Andrew Lincoln'),
	('108', 'Norman Reedus'),
	('109', 'Melissa McBride'),
	('110', 'Lauren Cohan'),
	('111', 'Christian Serratos'),
	('112', 'Josh McDermitt'),
	('113', 'Danai Gurira'),
	('114', 'Seth Gilliam'),
	('115', 'Ross Marquand'),
	('116', 'Chandler Riggs'),
	('117', 'Kim Dickens'),
	('118', 'Frank Dillane'),
	('119', 'Cliff Curtis'),
	('120', 'Ruben Blades'),
	('121', 'Alycia Debnam-Carey'),
	('122', 'Colman Domingo'),
	('123', 'Danay Garcia'),
	('124', 'Lennie James'),
	('125', 'Jenna Elfman'),
	('126', 'Alexa Nisenson'),
	('127', 'Dee Breadley Baker'),
	('128', 'Zach Tyler Eisen'),
	('129', 'Mae Whitman'),
	('130', 'Jack De Sena'),
	('131', 'Dante Basco'),
	('132', 'Michaele Jill Murphy'),
	('133', 'Mako'),
	('134', 'Grey Griffin'),
	('135', 'Andre Sogliuzzo'),
	('136', 'Bryan Konietzko'),
	('137', 'Michael Dante Dimartino'),
	('138', 'Benjamin Wynn'),
	('139', 'Jeremy Zuckerman'),
	('140', 'Eric Coleman'),
	('141', 'Andrea Romano'),
	('142', 'Manuel Rodriguez'),
	('143', 'Henry Cavill'),
	('144', 'Freya Allan'),
	('145', 'Anya Chalotra'),
	('146', 'Mimi Ndiweni'),
	('147', 'Eamon Farren'),
	('148', 'MyAnaa Buring'),
	('149', 'Wilson Mbomio'),
	('150', 'Anna Shaffer'),
	('151', 'Joey Batey'),
	('152', 'Royce Pierreson'),
	('153', 'Theo James'),
	('154', 'Mary McDonnell'),
	('155', 'Lara Pulver'),
	('156', 'Graham McTavish'),
	('157', 'Tom Canton'),
	('158', 'David Errigo Jr.'),
	('159', 'Jennifer Hale'),
	('160', 'Kira Wahlgren'),
	('161', 'Matthew Yang King'),
	('162', 'Darryl Kurylo'),
	('163', 'Dwayne Johnson'),
	('164', 'Aldis Hodge'),
	('165', 'Pierce Brosnan'),
	('166', 'Noah Centineo'),
	('167', 'Sarah Shahi'),
	('168', 'Quintessa Swindell'),
	('169', 'Marwan Kenzari'),
	('170', 'Bodhi Sabongui'),
	('171', 'Mohammed Amer'),
	('172', 'James Cusati-Moyer'),
	('173', 'Amy Adams'),
	('174', 'Michael Shannon'),
	('175', 'Diane Lane'),
	('176', 'Russell Crowe'),
	('177', 'Antje Traue'),
	('178', 'Harry Lennix'),
	('179', 'Richard Schiff'),
	('180', 'Christopher Meloni'),
	('181', 'Kevin Costner'),
	('182', 'Joe Johnston'),
	('183', 'Robert Markowitz'),
	('184', 'Mario Bava'),
	('185', 'Leopoldo Savona'),
	('186', 'Roger Lay Jr.'),
	('187', 'Lindell Singleton'),
	('188', 'Jon Watts'),
	('189', 'Chris Columbus'),
	('190', 'Stanley Kubrick'),
	('191', 'David Shore'),
	('192', 'David Crane'),
	('193', 'Marta Kauffman'),
	('194', 'Frank Darabont'),
	('195', 'Dave Erickson'),
	('196', 'Robert Kirkman'),
	('197', 'Kurt Mattila'),
	('198', 'Lauren Schmidt'),
	('199', 'Kwang II Han'),
	('200', 'Jaume Collet-Serra'),
	('201', 'Zack Snyder'),
	('202', 'Christoper Markus'),
	('203', 'Stephen McFeely'),
	('204', 'Joe Simon'),
	('205', 'Alan Sharp'),
	('206', 'Frederick Forsyth'),
	('207', 'Alberto Liberati'),
	('208', 'Gene Luotto'),
	('209', 'Chris McKenna'),
	('210', 'Erik Sommers'),
	('211', 'Stan Lee'),
	('212', 'John Hughes'),
	('213', 'Stephen King'),
	('214', 'Diane Johnson'),
	('215', 'Charles Olivier'),
	('216', 'Beau DeMayo'),
	('217', 'Andrzej Sapkowski'),
	('218', 'Adam Sztykiel'),
	('219', 'Rory Haines'),
	('220', 'Sohrab Noshirvani'),
	('221', 'David S. Goyer'),
	('222', 'Christopher Nolan'),
	('223', 'Jerry Siegel');


